,Alpha, Mag0, Mag1, Mag2, Mag3, Mag4, Ratio1, Ratio2, Ratio3, Ratio4, Pitch 
bash,1.01835987355, 3.51181807095, 4.37747160294, 5.30726960319, 5.84536683469, 5.50134770214, 1.24649725997, 1.51125983635, 1.66448452528, 1.56652411685, 3
kmod,1.09091636263, 2.89350925843, 3.48057541534, 1.43777229558, 1.22938557022, 1.31750171784, 1.20289071314, 0.496895695561, 0.424877012795, 0.455330050872, 1
ping6,1.17884547923, 3.3030119349, 4.45701338257, 1.27387981335, 1.29739897777, 1.27827511995, 1.34937852797, 0.385672179955, 0.392792700523, 0.38700287651, 1
bunzip2,1.1592581612, 3.15591668293, 4.15773488817, 1.2547524815, 1.23921261995, 1.19333504292, 1.31744127171, 0.397587328047, 0.392663287551, 0.378126282414, 1
less,1.06533533196, 3.36498086235, 4.32655821398, 1.21891649424, 1.24438065685, 1.25022638551, 1.28576012493, 0.362235787987, 0.3698031899, 0.371540414834, 1
plymouth,1.03265646771, 3.22804423709, 3.31413599789, 1.30421946981, 1.32285232365, 1.32712413587, 1.02666994455, 0.404027756134, 0.409799936584, 0.411123280352, 1
busybox,0.940631667549, 3.15735472928, 3.55979717045, 3.50647941641, 2.7285669207, 5.15231579772, 1.12746190266, 1.11057505952, 0.864193970794, 1.6318457188, 4
lessecho,0.761715732433, 3.22310590332, 3.32200179426, 3.01334571161, 4.45811960178, 4.19768203659, 1.03068341342, 0.934919857428, 1.38317502915, 1.30237173785, 3
plymouth-upstart-bridge,1.27522004835, 3.30628492416, 3.36351436694, 2.40259143275, 1.35351041518, 1.35056163587, 1.01730928946, 0.72667404288, 0.409375007365, 0.408483136467, 1
bzcat,1.1592581612, 3.15591668293, 4.15773488817, 1.2547524815, 1.23921261995, 1.19333504292, 1.31744127171, 0.397587328047, 0.392663287551, 0.378126282414, 1
ps,1.14478812354, 3.29317884863, 4.02108062916, 1.26841006532, 1.31859588046, 1.3174780076, 1.22103317615, 0.385162824014, 0.4004021467, 0.400062695699, 1
lesskey,1.35514986633, 3.20434005883, 3.60221673438, 1.16887831363, 4.79486738882, 3.7969732565, 1.1241680559, 0.36477973379, 1.49636658431, 1.18494703645, 3
pwd,1.10284291171, 3.23524112802, 4.18850460279, 1.17896988244, 1.1516842406, 1.1832800506, 1.29464989998, 0.364414841365, 0.355980959388, 0.365747096979, 1
bzdiff,-nan, 4.8985664536, 4.19776944403, 5.11159983806, 4.34157147803, 5.11341749685, 0.856938347942, 1.04348892405, 0.886294290208, 1.04385998338, 4
lesspipe,0.344785014112, 5.048237336, 4.50629262347, 4.47396910358, 5.09753008437, 4.71013741186, 0.892646744506, 0.886243812603, 1.00976434844, 0.933026143259, 3
ln,1.09246025792, 3.26544592666, 4.53766317707, 1.5768443215, 1.18465045273, 1.23179021945, 1.38959985221, 0.482887898596, 0.36278366855, 0.377219604034, 1
readlink,1.07311811228, 3.26544522008, 4.20460988817, 1.18503319584, 1.20436067976, 1.13841611144, 1.28760692793, 0.362900957136, 0.368819746954, 0.34862508317, 1
bzexe,1.43482816203, 4.48008384567, 4.40817763344, 4.77848567588, 4.49448718715, 4.91293548317, 0.983949806588, 1.06660630481, 1.00321497141, 1.09661686085, 4
loadkeys,0.938530324693, 3.30885288117, 3.88408765124, 1.2487766083, 1.13404647443, 1.08803053593, 1.17384718835, 0.377404693754, 0.342731005324, 0.328824089497, 1
red,nan, nan
login,1.1983476887, 3.25001944926, 3.63913946363, 3.40891591426, 1.35429257091, 1.27237756134, 1.11972851869, 1.04889092742, 0.416702912722, 0.391498445228, 1
rm,1.06907618049, 3.21116059617, 4.63483165152, 1.86116193313, 1.15365101195, 1.33358329298, 1.44335093581, 0.579591670173, 0.359262944781, 0.415296355644, 1
bzgrep,-nan, 4.64460007817, 4.75912058026, 4.91646741393, 4.83715265185, 5.22521772161, 1.02465669814, 1.05853406778, 1.04145729889, 1.12500917919, 4
loginctl,1.13778312812, 3.30835745961, 4.07720992924, 2.07422808229, 1.35443334861, 1.37811489617, 1.2323970366, 0.626966132775, 0.409397522833, 0.416555621027, 1
rmdir,1.08797466857, 3.282104058, 4.14544603726, 1.1832800506, 1.20436067976, 1.15831600337, 1.26304527949, 0.360524843116, 0.366947744033, 0.352918732284, 1
bzip2,1.1592581612, 3.15591668293, 4.15773488817, 1.2547524815, 1.23921261995, 1.19333504292, 1.31744127171, 0.397587328047, 0.392663287551, 0.378126282414, 1
lowntfs-3g,1.27290359584, 2.67543786636, 3.43788785269, 3.58647808713, 1.42305209983, 1.40427517387, 1.28498138414, 1.3405200443, 0.531895028372, 0.524876765603, 2
bzip2recover,1.18563135044, 3.26676768987, 3.3051055913, 0.939645072363, 3.84562712482, 4.35797612856, 1.01173572934, 0.287637555397, 1.17719638796, 1.33403306947, 4
ls,1.15216100558, 3.34026338393, 4.60510649341, 1.96327318514, 1.36441011179, 1.26334453565, 1.37866568115, 0.587759993595, 0.408473810285, 0.378217041724, 1
running-in-container,nan, nan
lsblk,1.19357644698, 3.23721812594, 3.93053890158, 1.29184756532, 1.28511285657, 1.31808950744, 1.21417178227, 0.399061019388, 0.396980619338, 0.407167344356, 1
run-parts,1.22702758267, 3.27057400489, 3.9739522444, 1.08629647697, 1.15236661481, 1.27900789158, 1.21506262768, 0.332142454306, 0.35234384334, 0.391065265506, 1
bzmore,-nan, 5.1423830164, 4.68600247943, 4.95487102006, 4.88540003041, 4.91921598151, 0.911251158166, 0.963535972382, 0.950026478936, 0.956602409004, 2
sed,1.22780177707, 3.21825424714, 4.38422293214, 1.45013750152, 1.31250266381, 1.30421946981, 1.36229849958, 0.450597556985, 0.407830632083, 0.405256816167, 1
cat,1.09238922246, 3.26271038151, 4.15478610886, 1.21750337356, 1.18678238244, 1.2724749918, 1.273415542, 0.373157047731, 0.36374125916, 0.39000549942, 1
mkdir,1.10887999759, 3.24503062594, 4.49416094118, 1.65710559045, 1.24438065685, 1.27822329, 1.38493637171, 0.510659461024, 0.383472700351, 0.393901764681, 1
setfacl,1.30566607735, 3.18895193185, 3.54834241608, 3.11325518231, 1.26161628204, 1.31400598573, 1.11269862071, 0.976262812621, 0.395620977988, 0.412049480146, 1
chacl,1.07688013454, 3.20858816121, 4.05518947675, 1.16525876335, 1.16525876335, 4.05383991471, 1.26385477755, 0.363168691274, 0.363168691274, 1.26343416825, 1
mknod,1.40971170067, 3.10168749002, 4.42440199372, 1.6173107406, 1.22181279875, 1.22914575634, 1.42644995924, 0.521429301245, 0.393918730588, 0.396282913833, 1
setfont,1.10074246933, 3.27069974684, 3.40416935876, 1.14104212485, 1.11645162338, 1.07432047732, 1.04080766265, 0.348867891634, 0.34134946947, 0.32846808343, 1
chgrp,1.07625829616, 3.24504063582, 4.63641904197, 1.72122070985, 1.13181008812, 1.33183180463, 1.42877071886, 0.530415764552, 0.348781483852, 0.410420686241, 1
mktemp,1.06885045188, 3.26544522008, 4.27953687183, 1.18737429091, 1.13841611144, 1.28084104434, 1.31055233924, 0.363617886961, 0.34862508317, 0.392240860899, 1
setupcon,1.28770353681, 4.66580826567, 4.53181249324, 4.71205677025, 4.18171065734, 4.60407605056, 0.971281337595, 1.00991221712, 0.896245713333, 0.986769234482, 2
chmod,1.09335304725, 3.28146102615, 4.63969537221, 1.72733815068, 1.17807051991, 1.27933772242, 1.41391146664, 0.526393011196, 0.359007926811, 0.389868327623, 1
more,1.29676770604, 3.22709987848, 4.3269759508, 1.66142938935, 1.21121571546, 1.26204473746, 1.34082492446, 0.514836680584, 0.375326380053, 0.391077061443, 1
chown,1.10277866782, 3.30003480546, 4.59576915152, 1.75306261832, 1.15993867005, 1.31847960693, 1.39264263029, 0.531225493568, 0.351492859449, 0.399535060889, 1
chvt,0.962673899613, 3.17956978212, 3.31610423565, 0.939645072363, 4.59184152171, 3.77473806356, 1.0429411722, 0.295525853104, 1.44417070118, 1.18718516096, 3
mountpoint,1.89462534147, 3.21273472351, 3.49315044682, 1.47593083716, 4.58311814735, 3.63713483219, 1.08728256375, 0.459400157245, 1.42654733172, 1.13209933132, 3
sleep,1.19400128092, 3.27057400489, 4.28702182089, 1.16224679064, 1.19654817976, 1.1300500589, 1.31078575641, 0.355364773555, 0.365852653991, 0.345520406268, 1
cp,1.08987142186, 3.39885474044, 3.58421344109, 3.47953927111, 1.37773007091, 1.34725499566, 1.05453563474, 1.0237387405, 0.405351265682, 0.396384988045, 1
ss,1.0663262644, 3.37658140248, 3.97181065656, 1.28750808333, 1.22923523565, 1.29137979607, 1.17628162426, 0.381305210764, 0.364047268267, 0.382451847636, 1
cpio,1.04534343366, 3.40418858382, 3.54959556424, 3.24057041769, 1.24716598311, 1.25219315685, 1.04271413784, 0.951936221481, 0.366362189521, 0.367838950757, 1
mt-gnu,1.14406289241, 3.29042041113, 4.61772276763, 1.92674425693, 1.26098766481, 1.27237756134, 1.4033838205, 0.585561726522, 0.383229954612, 0.386691486911, 1
sh,1.17249013066, 2.78468321244, 4.57195621637, 1.74339272901, 7.10939708205, 4.48137355797, 1.64182273803, 0.626065012072, 2.55303621263, 1.60929384641, 3
dash,1.17249013066, 2.78468321244, 4.57195621637, 1.74339272901, 7.10939708205, 4.48137355797, 1.64182273803, 0.626065012072, 2.55303621263, 1.60929384641, 3
mv,1.06768733372, 3.35920033197, 3.80514880209, 4.00431620493, 1.37319934552, 1.34391611686, 1.13275435403, 1.19204447761, 0.408787571389, 0.400070250074, 2
stty,1.03254539826, 3.26152585799, 4.40472706502, 1.21056051546, 1.1754675506, 1.23229634463, 1.35051115852, 0.371163856479, 0.360404179448, 0.377828169476, 1
date,1.08451894919, 3.2514936543, 4.4148446059, 1.21344674621, 1.18022866148, 1.22309791212, 1.35778970384, 0.373196713641, 0.36298045974, 0.376164938997, 1
nano,1.11797038162, 3.37558666897, 4.53978660367, 1.82083309629, 1.33980035657, 1.34981367547, 1.34488817763, 0.539412337721, 0.396908889612, 0.399875283275, 1
su,1.31685133298, 3.27862331403, 4.49742303528, 1.67978701615, 1.26265011995, 1.29154324912, 1.37174130863, 0.512345230074, 0.385115946242, 0.393928525913, 1
dbus-cleanup-sockets,1.35466569865, 3.24206978212, 3.3504557494, 0.939645072363, 3.48247774344, 4.23585508317, 1.03343110253, 0.289828762337, 1.07415261777, 1.3065280416, 4
sync,1.15575049278, 3.22378243475, 4.26844804159, 1.10737710614, 1.20436067976, 1.11306367005, 1.32404966154, 0.343502431864, 0.373586215615, 0.345266373454, 1
dbus-daemon,0.990982480581, 3.50941106393, 4.35372351402, 4.36894031933, 2.05663092166, 2.21045188185, 1.2405852249, 1.2449212246, 0.586033064861, 0.62986405456, 2
nc.openbsd,1.08069761432, 3.26844639298, 4.13676315239, 1.21056051546, 1.22754690431, 1.26757291518, 1.265666514, 0.370377962465, 0.375575045975, 0.387821234548, 1
tailf,1.21847768755, 3.23928096316, 3.93811127866, 1.11306367005, 1.11518960614, 2.17547001649, 1.21573624624, 0.343614426383, 0.344270725145, 0.671590405781, 1
dbus-uuidgen,1.50718442619, 3.15876438191, 3.20236766617, 1.13762224323, 4.49527966396, 4.25992526702, 1.01380390526, 0.360147863433, 1.42311331915, 1.34860494547, 3
tar,0.937465355673, 3.40701084062, 3.92368114768, 4.62074833163, 1.41624446274, 1.3952700123, 1.15164915265, 1.35624702937, 0.415685340902, 0.409529079175, 2
dd,1.12750770722, 3.28396787601, 4.27341266677, 1.24480911227, 1.19945860314, 1.25514193616, 1.30129551449, 0.379056421766, 0.365246752839, 0.382202866638, 1
netstat,1.07699221522, 3.36043527229, 3.72417498112, 1.26598899875, 1.25258325634, 1.2172003535, 1.1082418435, 0.376733636024, 0.372744348529, 0.362215086701, 1
tempfile,0.87241094696, 3.22452984073, 3.48874546991, 0.939645072363, 4.43869307882, 3.92706201942, 1.08193927246, 0.291405295896, 1.37653961913, 1.21787119778, 3
df,1.09222706379, 3.33615898092, 4.32300626828, 1.25764878601, 1.20082164889, 1.25306279875, 1.29580343533, 0.37697507619, 0.359941374425, 0.375600445277, 1
touch,1.09765635065, 3.28304841661, 4.28981786576, 1.26451323139, 1.13181008812, 1.26393644412, 1.30665689975, 0.385164356698, 0.344743648129, 0.384988670202, 1
dir,1.1541645017, 3.34026338393, 4.55758775499, 1.96327318514, 1.36441011179, 1.26334453565, 1.36443963578, 0.587759993595, 0.408473810285, 0.378217041724, 1
ntfs-3g,1.22169802071, 2.68724370218, 3.42371442742, 3.58394971439, 1.45096849527, 1.32765696981, 1.27406175504, 1.33368987393, 0.539946746955, 0.494059012487, 2
true,1.21202150632, 3.27057400489, 4.06851334807, 1.09410897697, 1.19813557022, 1.11306367005, 1.24397532115, 0.334531178728, 0.3663380093, 0.340326703626, 1
dmesg,1.20396660612, 3.25117634003, 3.92200599328, 1.13414429921, 1.07432047732, 2.9325498926, 1.20633444117, 0.348841213332, 0.330440543656, 0.901996565517, 1
ntfs-3g.probe,1.17506562646, 2.59957942575, 4.02190719082, 1.19879121769, 2.92003172022, 4.36233752901, 1.54713764503, 0.461148140277, 1.1232708227, 1.67809357383, 4
udevadm,1.11690526154, 3.40130566817, 4.06851632577, 1.9242839523, 1.33880834861, 1.42985889109, 1.19616309814, 0.565748609516, 0.393616004919, 0.420385296293, 1
ntfs-3g.secaudit,1.10379281603, 2.75422082468, 3.5898216565, 3.80316540777, 1.35423546672, 1.31798860295, 1.30338919245, 1.38084984824, 0.491694585482, 0.478534107048, 2
ulockmgr_server,1.24205007413, 2.51960766864, 3.67094301617, 1.23654530191, 1.1640228366, 1.86475811585, 1.4569502474, 0.490768986496, 0.461985749244, 0.740098603072, 1
ntfs-3g.usermap,0.95904074739, 2.59296612403, 4.46975215182, 1.45458946087, 1.20761771163, 2.19745597484, 1.7237988998, 0.560975111627, 0.465728302595, 0.847468061566, 1
umount,1.2415273817, 3.28599727761, 4.50731392972, 1.71234664299, 1.30991521945, 1.3825937916, 1.37167305659, 0.521104096662, 0.398635515729, 0.420753176219, 1
dumpkeys,0.998405985819, 3.28936300546, 3.73254103366, 1.07922255395, 1.00827596435, 4.13260004076, 1.13473065377, 0.328094695585, 0.306526206646, 1.25635268406, 4
ntfscat,1.06014965918, 2.55232583921, 4.22777765363, 1.31774284064, 1.26109122659, 1.30289803963, 1.65644119128, 0.516290992474, 0.494094918138, 0.510474806787, 1
uname,1.16540732706, 3.22256490732, 4.17287960279, 1.15154976522, 1.20436067976, 1.13841611144, 1.29489388819, 0.357339510092, 0.373727361403, 0.353263982008, 1
echo,1.11676255709, 3.25981272558, 4.07824078946, 1.11028752951, 1.19813557022, 1.11306367005, 1.25106597611, 0.340598562856, 0.367547362711, 0.34145018863, 1
ntfsck,1.11645630636, 2.6288310545, 4.27991809685, 1.24235098592, 1.28911471386, 1.27627504011, 1.6280689052, 0.472586849502, 0.490375641162, 0.485491465087, 1
uncompress,-nan, 4.65970832413, 4.76448184667, 4.81449474525, 5.26084894977, 5.03099624924, 1.0224849959, 1.03321804936, 1.12900820906, 1.07968050773, 3
ed,1.1297389829, 3.28795049323, 3.66018173687, 1.14885462485, 1.16993525401, 1.07432047732, 1.1132107203, 0.349413601943, 0.355825082045, 0.326744724269, 1
ntfscluster,1.24052638047, 2.57832201902, 4.26763197565, 1.29093333842, 1.31699819773, 1.30941648172, 1.65519742847, 0.500687396258, 0.510796629752, 0.507856067651, 1
unicode_start,-nan, 5.03885867131, 4.64652184211, 4.57000262524, 4.54547394587, 4.71146354334, 0.922137758807, 0.906951935616, 0.902084031796, 0.935025935569, 4
egrep,1.04464613215, 3.386571945, 3.79490354682, 4.45076729639, 1.38204568343, 1.26590321546, 1.1205737272, 1.31423969981, 0.408095769374, 0.373800774359, 2
ntfscmp,1.28597517612, 2.6444560545, 4.27757810386, 1.26366359217, 1.34337001935, 1.34472395317, 1.6175644502, 0.477853882282, 0.507994835863, 0.508506825395, 1
vdir,1.15228551049, 3.34321216323, 4.60215771411, 1.96327318514, 1.36441011179, 1.26334453565, 1.37656765093, 0.587241577646, 0.408113528299, 0.377883446807, 1
false,1.20984962999, 3.27057400489, 4.08413834807, 1.09410897697, 1.19813557022, 1.11306367005, 1.24875276999, 0.334531178728, 0.3663380093, 0.340326703626, 1
ntfsdump_logfile,0.937102853225, 2.61034070505, 4.03610825342, 1.233504648, 1.19236789111, 3.57577087883, 1.54619979132, 0.472545459531, 0.456786307166, 1.36984833892, 1
vmmouse_detect,0.54353753705, 3.22939356142, 3.20336621756, 4.17800883799, 4.80486972726, 5.40285247283, 0.991940485614, 1.29374409112, 1.48785511455, 1.67302385729, 4
fgconsole,0.877220041568, 3.21529340332, 3.2705167125, 0.939645072363, 4.41007605978, 3.99742462678, 1.0171752006, 0.292242403568, 1.37159366396, 1.24325345322, 3
ntfsfix,1.00427448725, 2.62277004284, 4.27593547963, 1.30542359602, 1.41009195837, 1.3193499918, 1.63031276467, 0.49772704991, 0.537634613532, 0.503036854262, 1
which,-nan, nan
fgrep,1.00794395698, 3.32133311806, 3.53316717797, 3.24229872397, 1.25514193616, 1.30166079, 1.06377982948, 0.976204014691, 0.377903056256, 0.391909135198, 1
ntfsinfo,1.08704299789, 2.6678935545, 4.30361811025, 1.33010820449, 1.398003565, 1.30755834861, 1.61311462483, 0.498561197183, 0.524010248702, 0.490108889991, 1
whiptail,1.04284247934, 3.26622563912, 4.24327842007, 1.34021809339, 1.26248666691, 1.29345819051, 1.29913817626, 0.410326242417, 0.386527694776, 0.396010053627, 1
findmnt,1.3038064067, 3.22862472038, 4.36101207858, 1.47544089828, 1.34239127496, 1.35601726504, 1.35073365791, 0.456987425317, 0.415778045213, 0.419998414953, 1
ntfsls,1.08627248462, 2.68543349589, 4.31554081356, 1.28671948709, 1.28688294014, 1.3130623337, 1.60701831573, 0.479147775977, 0.479208642518, 0.488957308274, 1
fuser,1.1999230924, 3.22146738398, 3.64843729211, 1.16648404555, 1.14331818806, 1.13128598565, 1.13253895112, 0.36209711492, 0.354906026287, 0.351171019539, 1
ntfsmftalloc,1.02408901529, 2.61025727519, 4.25607887433, 1.23289387754, 1.29226663982, 1.2391274815, 1.63052083592, 0.472326574571, 0.49507251722, 0.474714693176, 1
zcat,-nan, 4.6324464407, 4.82939397843, 4.75990436853, 5.23863052909, 5.01355087924, 1.04251480082, 1.02751417193, 1.13085614613, 1.082268504, 3
fusermount,1.13635857659, 2.67134476296, 3.68327467137, 1.28342030191, 1.21884021876, 1.16356982356, 1.37880917597, 0.480439784374, 0.456264663271, 0.435574561432, 1
ntfsmove,1.30923874738, 2.55488451902, 4.18290480321, 1.33831734463, 1.35241750273, 1.26248666691, 1.63721873614, 0.523826941948, 0.529345844269, 0.494146274521, 1
zcmp,-nan, 4.72484814293, 4.65323869228, 4.86992596613, 5.25292223856, 4.95098625458, 0.984844073611, 1.03070528805, 1.11176530539, 1.04786145603, 3
getfacl,1.12433611491, 3.16333030819, 4.56683356681, 1.89254181262, 1.28619576902, 1.25022638551, 1.44367900974, 0.598275117753, 0.406595468607, 0.395224735864, 1
ntfstruncate,1.12411629424, 2.62779721658, 3.57079257748, 3.8601661265, 1.35247657726, 1.26338289158, 1.35885393095, 1.46897412865, 0.514680725258, 0.48077640223, 2
zdiff,0.457349621268, 5.03049906627, 4.42444516018, 4.95237009023, 4.99151463828, 5.10406365031, 0.879524099278, 0.984468941349, 0.992250385603, 1.01462371488, 4
grep,1.03350164766, 3.38806954024, 3.95378010187, 4.93959054342, 1.35896604434, 1.33610361686, 1.1669713549, 1.45793658741, 0.401103350507, 0.394355428951, 2
ntfswipe,1.06817573511, 2.64931977519, 4.29657693477, 1.30165093116, 1.38091094103, 1.30127069051, 1.62176607558, 0.491315145626, 0.521232262696, 0.491171621747, 1
zegrep,nan, nan
gunzip,-nan, 4.65970832413, 4.76448184667, 4.81449474525, 5.26084894977, 5.03099624924, 1.0224849959, 1.03321804936, 1.12900820906, 1.07968050773, 3
zfgrep,nan, nan
gzexe,1.11706837812, 4.48716862148, 4.41505995544, 4.76930189407, 4.59524313342, 4.94995528219, 0.983930029797, 1.06287556729, 1.02408523527, 1.1031355627, 4
openvt,1.33437059299, 3.21941312594, 3.62013607141, 1.14885462485, 1.11645162338, 1.24653541212, 1.12447080564, 0.356852190106, 0.346787311757, 0.387193368279, 1
zforce,-nan, 4.84335771352, 4.69912567504, 4.92686351554, 4.74133641991, 5.13463812745, 0.970220651248, 1.01724130386, 0.978935833437, 1.06014018191, 4
gzip,1.07846656671, 3.37623355818, 3.89261114398, 1.2722141083, 1.14288973264, 1.22416966958, 1.15294486501, 0.376814603129, 0.338510269786, 0.362584414995, 1
pax,1.14071622381, 2.79646076321, 3.84566888966, 1.25311527354, 1.33371450744, 1.31773164653, 1.37519143492, 0.448107582995, 0.476929454899, 0.471214065961, 1
zgrep,0.980374517565, 4.87927319078, 4.58977338539, 4.95187022358, 4.89062812547, 5.17076294887, 0.940667432614, 1.01487865712, 1.00232717748, 1.05974040532, 4
hostname,1.37708097017, 3.1841168233, 3.62750779946, 1.21493655037, 1.14116616148, 1.78003392671, 1.13925085063, 0.381561549964, 0.358393308037, 0.559035370086, 1
zless,-nan, 4.76764527367, 4.94389362569, 4.64894584398, 5.22537124548, 4.99856820438, 1.03696758922, 0.975103133125, 1.09600671727, 1.04843542618, 3
ip,0.896447752353, 3.45102915452, 4.41358931271, 4.57261630188, 1.42087258812, 1.55496571546, 1.27891974107, 1.3250007743, 0.411724307302, 0.450580289484, 2
zmore,-nan, 4.88843953391, 4.71594216182, 4.85199005474, 5.24200661152, 5.01408218604, 0.964713203285, 0.992543739385, 1.07232718645, 1.02570199575, 3
kbd_mode,1.32839525942, 3.21337846193, 3.46029151477, 0.939645072363, 4.44190730525, 4.0811603716, 1.07683908253, 0.292416558925, 1.38231688482, 1.27005281822, 3
znew,1.38724464314, 4.91635065511, 4.71594216182, 4.85199005474, 5.23419411152, 5.01167091003, 0.959236330493, 0.986908866986, 1.06465028203, 1.01938841665, 3
kill,1.11001895628, 3.18187956647, 4.41133567353, 1.31376022342, 1.31506661786, 1.26810574912, 1.38639303637, 0.412888104649, 0.413298677837, 0.398539832394, 1
ping,1.09727653116, 3.24009094971, 4.32936065113, 1.23070895417, 1.2640115088, 1.26338289158, 1.33618491528, 0.379837780258, 0.390116057983, 0.389922045766, 1
alina.exe,1.18190098753, 4.55435370976, 1.38574242314, 0.831829723166, 1.05423698044, 6.66185064042, 0.304267633006, 0.182644953856, 0.231478942485, 1.46274335833, 4
Hupigon.ex_,0.867531415668, 3.35716121278, 2.01206087345, 2.57556597981, 0.0737269123432, 4.37948774392, 0.599334004512, 0.767185671633, 0.0219610878568, 1.3045211315, 4
rustock_23.exe,1.44110529434, 4.45458628613, 1.56414688377, 0.556040066617, 0., 3.59435479903, 0.351131796152, 0.124824176905, 0., 0.80688857913, 4
troj_Drop_Gen.exe,1.03532018662, 4.43972886838, 1.79610484406, 1.28095605283, 0., 5.72221255461, 0.404552822325, 0.288521234247, 0., 1.28886531683, 4
Avatar_Rootkit,1.0538438709, 3.36120199209, 1.88508393979, 0.698989659564, 0., 5.46074806793, 0.560836255669, 0.207958242679, 0., 1.62464144696, 4
Illusion.EXE,1.20970759877, 4.17409326845, 1.27992221491, 0., 0., 0., 0.306634790504, 0., 0., 0., 1
rustock_c.exe,0.751361888666, 3.02802145052, 1.35467476522, 5.24759864475, 5.49214644655, 5.9524066257, 0.447379514101, 1.73301237475, 1.81377395646, 1.96577425985, 4
troj_loadmon.exe,1.32680192432, 3.24850314991, 1.93240736655, 1.41452740324, 0., 4.8831165235, 0.594860856641, 0.435439751161, 0., 1.50318971482, 4
bladabindi.exe,1.04989393349, 3.15860159318, 2.02649019073, 0.184150656087, 0., 3.26767884572, 0.641578284233, 0.0583013243851, 0., 1.03453340009, 4
kazy.exe,1.19615253253, 4.63762525551, 1.224200877, 0.774744748506, 1.03661520854, 6.7231938733, 0.263971496089, 0.167056350141, 0.223522848748, 1.4497061541, 4
rustock_e.exe,0.222015379899, 3.07308241362, 1.53726960048, 7.09546037699, 7.15374039472, 7.14414941389, 0.500237023799, 2.30890663574, 2.32787131351, 2.3247503491, 3
wirenet,0.847256616742, 3.28452213512, 3.30924322957, 1.82006565942, 1.9892051196, 1.62413755318, 1.0075265422, 0.554134082385, 0.605629993578, 0.494482145762, 1
boaxxe.ViR,0.969068528136, 4.27049511221, 1.5187451704, 1.45045443616, 0., 5.68871941745, 0.355636789294, 0.339645497313, 0., 1.33209833239, 4
lephic.bin,1.07801578175, 4.6234377596, 1.57834021542, 1.38975701148, 0., 4.84876491036, 0.341378060544, 0.300589536129, 0., 1.04873584603, 4
rustock_I.exe,1.33833223006, 4.32893455504, 1.186765074, 0.433203475135, 0., 2.86825799108, 0.274147150738, 0.100071615689, 0., 0.662578275234, 4
WORM_VOBFUS.SM01,1.19440429704, 3.89817793483, 1.76087222684, 0.976957331135, 0., 0., 0.451716739533, 0.250618968007, 0., 0., 1
carberp._xe,1.15298020709, 3.31942914972, 2.19485102035, 0.654738134801, 0., 5.83799946429, 0.661213395844, 0.197244196297, 0., 1.75873597567, 4
linux-chapros,0.990162052753, 2.04570554446, 3.63016156974, 1.70766383357, 2.24069104928, 6.48682320214, 1.77452790288, 0.834755440829, 1.09531455069, 3.17094667886, 4
rustock_j.exe,1.21908843378, 2.20983059302, 1.8569194406, 2.2436180001, 0.623488134801, 4.76598740301, 0.840299453932, 1.01528959151, 0.282142955559, 2.15672070884, 4
WORM_VOBFUS.SMA3,0.956157779753, 3.82768332472, 1.73039099444, 0.904442532355, 0., 0., 0.452072663187, 0.236289801331, 0., 0., 1
cridex,0.964957278373, 4.71819416082, 1.5173512731, 0.888817532355, 1.0982200956, 6.81736096527, 0.321595767655, 0.18838087244, 0.232762802498, 1.44490894883, 4
Matsnu.com_,0.825691962049, 4.53986555074, 1.59164639032, 1.7174693215, 0., 5.29872941104, 0.350593287957, 0.378308410746, 0., 1.16715558023, 4
rustock_nfe.exe,1.54240193958, 4.27433642016, 1.67976821035, 5.40991251212, 7.2203594725, 7.11186557598, 0.392989237447, 1.26567307304, 1.68923518477, 1.66385255555, 3
WORM_VOBFUS.SMIS,0.922068348682, 3.874784717, 1.6517124419, 0.904442532355, 0., 0., 0.426272054459, 0.233417492432, 0., 0., 1
CryptJan14_2.exe,1.08691841468, 3.22135264635, 1.69883716796, 3.74108564625, 5.73660207783, 5.40973599529, 0.527367647837, 1.16133998881, 1.78080536583, 1.67933678463, 3
narilam.exe_,1.22203601205, 2.20983059302, 0., 1.97603666445, 2.61813866605, 0.70975093887, 0., 0.89420278219, 1.18476894759, 0.321178890866, 3
Shylock-skype,0.957204336942, 4.53933143919, 1.89727931882, 1.27258175663, 0., 5.89883620752, 0.417964483148, 0.280345635404, 0., 1.29949449309, 4
WORM_VOBFUS.SMM2,1.07768675407, 3.85588338676, 1.68655495963, 0.893681253049, 0., 0., 0.437397812761, 0.231770819657, 0., 0., 1
CryptJan14_3.exe,1.16467682013, 3.22965615033, 1.74310563901, 3.66374744803, 5.56421925665, 5.89345314999, 0.539718644299, 1.13440789901, 1.72285190672, 1.82479275677, 4
nitlove.bin,1.02148843143, 4.44363790941, 1.60472350706, 1.37118323217, 0., 5.30539392438, 0.361128323183, 0.308572223959, 0., 1.19393029597, 4
somoto.exe,1.05989291855, 3.29649515201, 1.94605909789, 1.45540394014, 0., 5.80300111813, 0.590341865574, 0.441500403619, 0., 1.76035481642, 4
ZeroAccess.exe_,1.20674664907, 3.21593537311, 2.14765850318, 0.168525656087, 0., 3.50570356504, 0.66781768102, 0.0524033093128, 0., 1.0901038604, 4
CryptNov13.exe,0.774220422128, 4.40940058509, 1.85661926605, 1.74969478518, 0., 5.89281558774, 0.421059332265, 0.39681012224, 0., 1.33642101098, 4
nivdort.exe,0.746614173979, 4.60232466273, 1.64173954827, 0.998182437498, 0., 5.55838534048, 0.356719629444, 0.216886575948, 0., 1.20773429686, 4
stabuniq,1.17949647889, 6.30705733742, 7.17756799421, 7.19883691389, 7.16168935528, 7.13659055282, 1.13802168115, 1.14139392252, 1.13550408251, 1.13152460348, 2
zerolocker,1.33639434286, 3.2863713749, 1.95552305487, 3.24630403128, 4.3929320947, 3.37077239788, 0.595040192296, 0.987808029266, 1.3367120126, 1.02568213186, 3
cryptowall.bin,1.1573560861, 4.44079025923, 1.69698060081, 1.50833647777, 0., 4.86757144015, 0.382134823252, 0.339654968985, 0., 1.09610478226, 4
njRAT.exe,0.892769180862, 3.26288828117, 2.13697758368, 0.184150656087, 0., 4.58064258863, 0.654934340231, 0.056437928675, 0., 1.40386130137, 4
Surtr,1.14404349018, 4.66553107991, 4.66059819922, 4.81207749108, 4.74384521325, 4.73353608174, 0.998942696852, 1.03141044581, 1.01678568463, 1.01457604733, 2
zeus_bv.exe,1.16116856416, 4.46498083927, 1.91318984883, 2.23477166218, 0., 5.5299768118, 0.428487807159, 0.500510918776, 0., 1.23852195807, 4
CryptSep13.exe,1.18112772826, 4.56361523108, 1.76543866447, 1.92793374535, 0., 5.53768410881, 0.38685090111, 0.42245755782, 0., 1.21344237592, 4
NSIS.exe,1.01319846794, 4.43972886838, 1.82496986341, 1.31019499199, 0., 5.72221255461, 0.411054349829, 0.295106983068, 0., 1.28886531683, 4
zeus_go.ex_,0.951279608396, 0.147365075305, 1.64453976745, 1.44291966958, 0., 3.93528103309, 11.1596303537, 9.79146291344, 0., 26.7042989999, 4
Dest_sony.exe,1.21462137579, 4.45359185118, 1.6390551265, 0.939998259743, 0., 0., 0.36802993657, 0.211065201112, 0., 0., 1
onionDuke,0.721028719433, 4.48376282541, 1.86584461907, 1.43482943616, 0., 5.59967957806, 0.416133656423, 0.320005649725, 0., 1.24887952287, 4
Taleret_2,nan, nan
zeus_vm,0.947943418562, 4.27462856832, 1.13092291871, 1.9827049082, 0.505796464704, 0., 0.264566359541, 0.463830921566, 0.118325243146, 0., 2
duqu,1.13805680213, 4.38392160248, 1.7620695178, 2.23397606891, 5.35702398177, 5.40522201469, 0.401939103292, 0.509583945945, 1.22197075302, 1.23296502648, 4
poweliks.ex_,1.30549668215, 4.43412240288, 1.71709874059, 1.80550473452, 0., 5.9557729126, 0.387246581076, 0.407184234099, 0., 1.34316835925, 4
Tapaoux.exe_,nan, nan
emotet.bin,1.28062138341, 4.14858809261, 1.48120223806, 1.00536520854, 0., 0., 0.357037672817, 0.242339125045, 0., 0., 1
rombertik.exe,1.31780913942, 4.22176117873, 1.52521281773, 1.22818349422, 0., 0., 0.36127406387, 0.290917330996, 0., 0., 1
the_zeus_binary_chapros,1.05531737536, 4.53464518805, 1.58678266962, 1.42111937755, 0., 5.46449049005, 0.349924327884, 0.313391526484, 0., 1.20505359591, 4
